{"data_loader": {"statics": [], "chunk_size": 3, "n_hist": 0, "n_fut": 0, "n_repeat": 0, "batch_size": 2, "seed": 1, "dir_store_fno_simdata": "data/fno/helmholtz/data", "test_mode": "batch", "normalize": false, "val_size": 0.2, "test_size": 0.0}, "model": {"depth": 1, "n_features": 1, "n_channels": 3, "n_modes": [20, 20]}, "optimizer": {"lr": 0.1, "step_size": 10, "gamma": 0.1}, "meta": {}, "n_epochs": 40, "loss": {"training": [0.010023112801433193, 0.0016926698233731383, 0.00030612547547492546, 0.00020259120142059948, 0.00018476511496712692, 0.00017526599706387986, 0.00016646971612228263, 0.000152073676729867, 0.0002556027764370026, 2.636400595114466e-05, 1.1588862916516305e-05, 1.0678224837237412e-05, 9.85854246976612e-06, 9.104600875991095e-06, 8.407683494357008e-06, 7.766149872836917e-06, 7.175939643667673e-06, 6.631537416978972e-06, 6.127336666181423e-06, 5.659054892805893e-06, 5.409363858038262e-06, 5.3649201243602234e-06, 5.319365264571673e-06, 5.272735471211775e-06, 5.2250479711801745e-06, 5.176302354312593e-06, 5.126563167983013e-06, 5.075880452233262e-06, 5.024249249425552e-06, 4.971694686580176e-06, 4.941951231682883e-06, 4.9364441966805746e-06, 4.930783537323198e-06, 4.924961442656258e-06, 4.918960338032134e-06, 4.912807989789073e-06, 4.906477897748118e-06, 4.899987681139964e-06, 4.893329404177505e-06, 4.886476504265481e-06], "validation": [0.0037853603810071943, 0.0005109495855867862, 0.0002225395303685218, 0.00019128536223433912, 0.00017970756802242248, 0.00017130478285253047, 0.00016149481234606355, 0.00017398112686350942, 6.298352614976466e-05, 1.2271327868802473e-05, 1.1104359109594953e-05, 1.0249685983581003e-05, 9.465074908803217e-06, 8.74067332915729e-06, 8.07225387688959e-06, 7.45768233173294e-06, 6.891766552143963e-06, 6.368290960381273e-06, 5.883560243091779e-06, 5.431240424513817e-06, 5.386813427321613e-06, 5.341803898772923e-06, 5.295690698403632e-06, 5.248523848422337e-06, 5.20028559549246e-06, 5.151022396603366e-06, 5.100806865812046e-06, 5.049637366028037e-06, 4.997522391931853e-06, 4.94452706334414e-06, 4.939139198540943e-06, 4.933562613587128e-06, 4.927816426061327e-06, 4.921908821415855e-06, 4.915823410556186e-06, 4.9095906251750425e-06, 4.903169592580526e-06, 4.896606660622638e-06, 4.88983137984178e-06, 4.882903340330813e-06]}}